{"precision": 0.21141458058849363, "recall": 0.5013186401613368, "f1": 0.2622864868562341}